<?xml version="1.0" encoding="UTF-8"?>
<manifest identifier="MANIFEST_1765140608157" 
          xmlns="http://www.imsglobal.org/xsd/imscp_v1p1">
  <metadata>
    <schema>IMS Content</schema>
    <schemaversion>1.1</schemaversion>
  </metadata>
  <organizations/>
  <resources>
    <resource identifier="QTI_RESOURCE" type="imsqti_xmlv1p2" href="physics_101__midterm_exam.xml">
      <file href="physics_101__midterm_exam.xml"/>
    </resource>
    <resource identifier="IMG_0" type="webcontent" href="images/sample-graph.svg">
      <file href="images/sample-graph.svg"/>
    </resource>
  </resources>
</manifest>