<?xml version="1.0" encoding="UTF-8"?><questestinterop xmlns="http://www.imsglobal.org/xsd/ims_qtiasiv1p2" xmlns:xsi="http://www.w3.org/2001/XMLSchema-instance" xsi:schemaLocation="http://www.imsglobal.org/xsd/ims_qtiasiv1p2 http://www.imsglobal.org/xsd/ims_qtiasiv1p2p1.xsd"><assessment ident="c7ec3b934a7f3c892180b537425ac6908b0b288faa527bc516340eec0de47bdf" title="Physics 101: Midterm Exam"><qtimetadata><qtimetadatafield><fieldlabel>cc_maxattempts</fieldlabel><fieldentry>1</fieldentry></qtimetadatafield></qtimetadata><section ident="root_section"><item ident="80a83549fe47ee97088f134feee156921dce3ba36d5ee7e41d755fa7d8fdd523" title="Question"><itemmetadata><qtimetadata><qtimetadatafield><fieldlabel>question_type</fieldlabel><fieldentry>multiple_choice_question</fieldentry></qtimetadatafield><qtimetadatafield><fieldlabel>points_possible</fieldlabel><fieldentry>5</fieldentry></qtimetadatafield><qtimetadatafield><fieldlabel>original_answer_ids</fieldlabel><fieldentry>56cdce6facd37b1b38d9cf988398626f5989b63c85fd93d63b57eec80ebcff45,df9af55b081c43bed33f534bae5a6a7e63e16d225c6e69a9dc8316eee853d452,da0d4b1847d41bc693bae17c73ce0f952c110c556a9fc3b2ae522d1a101882da,fa656cdc0cc9ea4c5d2274f116e56a0bc5f767b6351eeb663a9ccd2fca3937d4</fieldentry></qtimetadatafield><qtimetadatafield><fieldlabel>assessment_question_identifierref</fieldlabel><fieldentry>9106a83893061746e0263f2753bea4a31cb96209ad3bd55da19a0637b1433481</fieldentry></qtimetadatafield></qtimetadata></itemmetadata><presentation><material><mattext texttype="text/html">Velocity Calculation

A car travels 100 meters in 5 seconds. What is its average velocity?

\[v = \frac{d}{t}\]</mattext></material><response_lid ident="response1" rcardinality="Single"><render_choice><response_label ident="56cdce6facd37b1b38d9cf988398626f5989b63c85fd93d63b57eec80ebcff45"><material><mattext texttype="text/html">10 m/s</mattext></material></response_label><response_label ident="df9af55b081c43bed33f534bae5a6a7e63e16d225c6e69a9dc8316eee853d452"><material><mattext texttype="text/html">20 m/s</mattext></material></response_label><response_label ident="da0d4b1847d41bc693bae17c73ce0f952c110c556a9fc3b2ae522d1a101882da"><material><mattext texttype="text/html">50 m/s</mattext></material></response_label><response_label ident="fa656cdc0cc9ea4c5d2274f116e56a0bc5f767b6351eeb663a9ccd2fca3937d4"><material><mattext texttype="text/html">500 m/s</mattext></material></response_label></render_choice></response_lid></presentation><resprocessing><outcomes><decvar maxvalue="100" minvalue="0" varname="SCORE" vartype="Decimal"/></outcomes><respcondition continue="No"><conditionvar><varequal respident="response1">df9af55b081c43bed33f534bae5a6a7e63e16d225c6e69a9dc8316eee853d452</varequal></conditionvar><setvar actoin="Set" varname="SCORE">100</setvar></respcondition></resprocessing></item><item ident="9b7d276018f0a55655125bb9ee736d5cc3ea5b26ea94dd136fe569d67cb5868d" title="Question"><itemmetadata><qtimetadata><qtimetadatafield><fieldlabel>question_type</fieldlabel><fieldentry>true_false_question</fieldentry></qtimetadatafield><qtimetadatafield><fieldlabel>points_possible</fieldlabel><fieldentry>1</fieldentry></qtimetadatafield><qtimetadatafield><fieldlabel>original_answer_ids</fieldlabel><fieldentry>627cbaecd80899a030cc5b6427c1f2dcf20ca2b653f385d8e5a0dace4163cfc0,15c05949a947481de924b938c21b0037eebeba17593a7bb97fdf00b15191b8ae</fieldentry></qtimetadatafield><qtimetadatafield><fieldlabel>assessment_question_identifierref</fieldlabel><fieldentry>a26d704c0c56d57062fd771bc7a4a3418df5dc19b3e6f1b0ca3c6e9bc7201495</fieldentry></qtimetadatafield></qtimetadata></itemmetadata><presentation><material><mattext texttype="text/html">Gravity is a force.</mattext></material><response_lid ident="response1" rcardinality="Single"><render_choice><response_label ident="627cbaecd80899a030cc5b6427c1f2dcf20ca2b653f385d8e5a0dace4163cfc0"><material><mattext texttype="text/html">True</mattext></material></response_label><response_label ident="15c05949a947481de924b938c21b0037eebeba17593a7bb97fdf00b15191b8ae"><material><mattext texttype="text/html">False</mattext></material></response_label></render_choice></response_lid></presentation><resprocessing><outcomes><decvar maxvalue="100" minvalue="0" varname="SCORE" vartype="Decimal"/></outcomes><respcondition continue="No"><conditionvar><varequal respident="response1">627cbaecd80899a030cc5b6427c1f2dcf20ca2b653f385d8e5a0dace4163cfc0</varequal></conditionvar><setvar actoin="Set" varname="SCORE">100</setvar></respcondition></resprocessing></item><item ident="05d633af823d7a6b143cd2c8e28057a9041983f3cad531b4324edb751e38cc9d" title="Question"><itemmetadata><qtimetadata><qtimetadatafield><fieldlabel>question_type</fieldlabel><fieldentry>multiple_choice_question</fieldentry></qtimetadatafield><qtimetadatafield><fieldlabel>points_possible</fieldlabel><fieldentry>1</fieldentry></qtimetadatafield><qtimetadatafield><fieldlabel>original_answer_ids</fieldlabel><fieldentry>87b51938a27089876e354f2c8904615da2b090e070f6a5b0a7a934f6a733057a,08350f4cee455d9c6fee86a79701a56513c1743275a5d2b057ff7bcc93bd255c,13be243f281b556802416891e2903eb41efe3958243e028dcc7a40572bcaa85f</fieldentry></qtimetadatafield><qtimetadatafield><fieldlabel>assessment_question_identifierref</fieldlabel><fieldentry>11d2358a0263453150343e8de0503a7bdb10a80250c7fadd67ea7645b6d38d6b</fieldentry></qtimetadatafield></qtimetadata></itemmetadata><presentation><material><mattext texttype="text/html">Interpret the Graph

Look at the following graph representing particle motion.

<img src="images/sample-graph.svg" alt="Motion Graph"/>

What type of motion is depicted?</mattext></material><response_lid ident="response1" rcardinality="Single"><render_choice><response_label ident="87b51938a27089876e354f2c8904615da2b090e070f6a5b0a7a934f6a733057a"><material><mattext texttype="text/html">Linear constant velocity</mattext></material></response_label><response_label ident="08350f4cee455d9c6fee86a79701a56513c1743275a5d2b057ff7bcc93bd255c"><material><mattext texttype="text/html">Parabolic projectile motion</mattext></material></response_label><response_label ident="13be243f281b556802416891e2903eb41efe3958243e028dcc7a40572bcaa85f"><material><mattext texttype="text/html">Exponential decay</mattext></material></response_label></render_choice></response_lid></presentation><resprocessing><outcomes><decvar maxvalue="100" minvalue="0" varname="SCORE" vartype="Decimal"/></outcomes><respcondition continue="No"><conditionvar><varequal respident="response1">08350f4cee455d9c6fee86a79701a56513c1743275a5d2b057ff7bcc93bd255c</varequal></conditionvar><setvar actoin="Set" varname="SCORE">100</setvar></respcondition></resprocessing></item><item ident="5dd384836cd7fd8a374123aa64dc61063de76cfddfe719fb9ad8caef9ba70163" title="Question"><itemmetadata><qtimetadata><qtimetadatafield><fieldlabel>question_type</fieldlabel><fieldentry>essay_question</fieldentry></qtimetadatafield><qtimetadatafield><fieldlabel>points_possible</fieldlabel><fieldentry>1</fieldentry></qtimetadatafield><qtimetadatafield><fieldlabel>assessment_question_identifierref</fieldlabel><fieldentry>e1f78f0e60db45fdf75c9640a512fcb5aae8e1f85029d0092796028a0c82008f</fieldentry></qtimetadatafield></qtimetadata></itemmetadata><presentation><material><mattext texttype="text/html">Newton's Laws

Explain Newton's First Law of Motion and provide a real-world example.</mattext></material><response_str ident="response1" rcardinality="Single"><render_fib><response_label ident="answer1"/></render_fib></response_str></presentation><resprocessing><outcomes><decvar maxvalue="100" minvalue="0" varname="SCORE" vartype="Decimal"/></outcomes></resprocessing></item><item ident="5982c19f0414c0cc20f9eb118f804457efbf58cd40c5d061975d5388b324565d" title="Question"><itemmetadata><qtimetadata><qtimetadatafield><fieldlabel>question_type</fieldlabel><fieldentry>multiple_answers_question</fieldentry></qtimetadatafield><qtimetadatafield><fieldlabel>points_possible</fieldlabel><fieldentry>1</fieldentry></qtimetadatafield><qtimetadatafield><fieldlabel>original_answer_ids</fieldlabel><fieldentry>30d6b95121c2ab25a9f6be4bda6ea186d70b9e44e40b3ef2c8f06ccbfbac29b3,7b557bb4b487859f4366c9eacb090bc50745365058182d5fd99c24b887491e4a,dcd4c57c88ec0c518cf19c94fdd82647ce270c9084c740516fd7a4f3fd316a07,77ffa4468b598d7d94e724faa8047360690210982e4c4020b6b948e441f469e9,ccdef8e9fc7433ea8cc882959833ea9db85f25248c28b00a4d858a1a2c1c092e</fieldentry></qtimetadatafield><qtimetadatafield><fieldlabel>assessment_question_identifierref</fieldlabel><fieldentry>95d350a143acd0f2b50a52f6018cc197df87cef811e41b645ecf57485a3061e2</fieldentry></qtimetadatafield></qtimetadata></itemmetadata><presentation><material><mattext texttype="text/html">Which of the following are vectors?

Select all that apply.</mattext></material><response_lid ident="response1" rcardinality="Single"><render_choice><response_label ident="30d6b95121c2ab25a9f6be4bda6ea186d70b9e44e40b3ef2c8f06ccbfbac29b3"><material><mattext texttype="text/html">Velocity</mattext></material></response_label><response_label ident="7b557bb4b487859f4366c9eacb090bc50745365058182d5fd99c24b887491e4a"><material><mattext texttype="text/html">Speed</mattext></material></response_label><response_label ident="dcd4c57c88ec0c518cf19c94fdd82647ce270c9084c740516fd7a4f3fd316a07"><material><mattext texttype="text/html">Displacement</mattext></material></response_label><response_label ident="77ffa4468b598d7d94e724faa8047360690210982e4c4020b6b948e441f469e9"><material><mattext texttype="text/html">Temperature</mattext></material></response_label><response_label ident="ccdef8e9fc7433ea8cc882959833ea9db85f25248c28b00a4d858a1a2c1c092e"><material><mattext texttype="text/html">Acceleration</mattext></material></response_label></render_choice></response_lid></presentation><resprocessing><outcomes><decvar maxvalue="100" minvalue="0" varname="SCORE" vartype="Decimal"/></outcomes><respcondition continue="No"><conditionvar><and><varequal respident="response1">30d6b95121c2ab25a9f6be4bda6ea186d70b9e44e40b3ef2c8f06ccbfbac29b3</varequal><varequal respident="response1">dcd4c57c88ec0c518cf19c94fdd82647ce270c9084c740516fd7a4f3fd316a07</varequal><varequal respident="response1">ccdef8e9fc7433ea8cc882959833ea9db85f25248c28b00a4d858a1a2c1c092e</varequal></and></conditionvar><setvar actoin="Set" varname="SCORE">100</setvar></respcondition></resprocessing></item><item ident="e013f973fc0cb970152b80829012fcb21607b904509a66cd88680f6e401c0e79" title="Question"><itemmetadata><qtimetadata><qtimetadatafield><fieldlabel>question_type</fieldlabel><fieldentry>short_answer_question</fieldentry></qtimetadatafield><qtimetadatafield><fieldlabel>points_possible</fieldlabel><fieldentry>1</fieldentry></qtimetadatafield><qtimetadatafield><fieldlabel>assessment_question_identifierref</fieldlabel><fieldentry>cdf641b5b465f50b06f3a790fa0bf63ed1e9fc468c0d91650af55a7434493546</fieldentry></qtimetadatafield></qtimetadata></itemmetadata><presentation><material><mattext texttype="text/html">Force Equation

Complete the formula for Newton's Second Law: \(F = ma\)

What does '\(m\)' stand for?

Answer: mass</mattext></material><response_str ident="response1" rcardinality="Single"><render_fib><response_label ident="answer1"/></render_fib></response_str></presentation><resprocessing><outcomes><decvar maxvalue="100" minvalue="0" varname="SCORE" vartype="Decimal"/></outcomes></resprocessing></item></section></assessment></questestinterop>