<?xml version="1.0" encoding="UTF-8"?>
<manifest identifier="MANIFEST_72d3bcd51734a2ca" 
          xmlns="http://www.imsglobal.org/xsd/imscp_v1p1"
          xmlns:imsqti="http://www.imsglobal.org/xsd/imsqti_v2p1"
          xmlns:xsi="http://www.w3.org/2001/XMLSchema-instance"
          xsi:schemaLocation="http://www.imsglobal.org/xsd/imscp_v1p1 
                              http://www.imsglobal.org/xsd/imscp_v1p1.xsd
                              http://www.imsglobal.org/xsd/imsqti_v2p1 
                              http://www.imsglobal.org/xsd/imsqti_v2p1.xsd">
  
  <metadata>
    <schema>QTI Package</schema>
    <schemaversion>2.1</schemaversion>
  </metadata>
  
  <organizations/>
  
  <resources>
    <resource identifier="test_resource" type="imsqti_test_xmlv2p1" href="tests/test.xml">
      <file href="tests/test.xml"/>

    </resource>


  </resources>
</manifest>